task,model,type,pattern,main_pct,contrast_pct
generation,qwen,task,从需求理解到方案设计、实现规划与验证的构造路径 (PU=>SD=>IP=>VV),88.0%,22.0%
generation,qwen,task,实现规划与验证反复迭代 (IP<->VV),59.5%,7.7%
generation,qwen,positive,验证-实现迭代 (VV->IP->VV),46.6%,19.6%
generation,qwen,positive,验证-实现交替迭代 (VV->IP->VV->IP),25.6%,8.0%
generation,qwen,anti-pattern,反思-知识反复回退 (MR<->KR),24.5%,1.8%
generation,qwen,anti-pattern,知识-设计反复回退 (KR<->SD),56.4%,15.9%
generation,r1,task,从需求理解到方案设计、实现规划与验证的构造路径 (PU=>SD=>IP=>VV),91.4%,17.0%
generation,r1,task,实现规划与验证反复迭代 (IP<->VV),65.8%,11.2%
generation,r1,positive,实现-验证-代码迭代 (IP->VV->IP->VV->IP),17.6%,1.5%
generation,r1,positive,实现后验证闭合 (IP->VV->AUX),19.2%,1.5%
generation,r1,anti-pattern,知识检索-验证-反思路径 (KR->VV->MR),20.9%,1.9%
generation,r1,anti-pattern,设计-知识-实现回环 (SD->KR->IP),19.4%,1.9%
execution,qwen,task,"状态验证-反思路径 (PU=>{VV,MR}*)",53.5%,3.4%
execution,qwen,positive,状态验证链 (PU->VV->MR->VV),26.8%,17.6%
execution,qwen,anti-pattern,反思-设计反复 (MR->SD->PU/VV),15.3%,2.4%
execution,r1,task,"状态验证-反思路径 (PU=>{VV,MR}*)",45.9%,2.2%
execution,r1,positive,状态验证链 (PU->VV->MR->VV),23.3%,9.8%
execution,r1,anti-pattern,反思-理解反复 (MR->PU->MR),16.7%,4.0%
summarization,qwen,task,"短链路理解-摘要路径 (PU=>{AUX,MR,KR}<=3)",63.3%,6.9%
summarization,r1,task,"短链路理解-摘要路径 (PU=>{AUX,MR,KR}<=3)",64.5%,13.2%
debug,qwen,task,修复-代码修改-复核路径 ({SD/IP}=>CC=>VV),70.8%,20.4%
debug,qwen,positive,实现-验证迭代 (VV->IP->VV),16.5%,10.4%
debug,qwen,anti-pattern,设计-知识反复 (SD->KR->SD),15.0%,3.3%
debug,r1,task,修复-代码修改-复核路径 ({SD/IP}=>CC=>VV),68.1%,21.5%
debug,r1,positive,修复后验证闭合 (CC->VV->AUX),21.7%,4.0%
debug,r1,anti-pattern,反思后插入修复 (SD->MR->IP),16.0%,1.5%
debug,r1,anti-pattern,验证后转设计-反思 (VV->SD->MR),20.0%,2.7%
translation,qwen,task,"语义映射到目标构造路径 (PU=>SD=>IP=>CC, no IP<->VV)",30.1%,16.2%
translation,qwen,positive,语义映射到实现-反思推进 (PU->SD->IP->MR),9.1%,2.8%
translation,qwen,anti-pattern,反思-设计-实现交替回退 (SD->MR->SD->IP),15.6%,4.8%
translation,qwen,anti-pattern,理解-设计反复 (PU->SD->PU->SD),15.6%,6.9%
translation,r1,task,"语义映射到目标构造路径 (PU=>SD=>IP=>CC, no IP<->VV)",36.5%,9.5%
translation,r1,positive,语义映射到代码构造 (SD->IP->CC),20.0%,7.1%
translation,r1,anti-pattern,反思-设计反复链 (SD->MR->SD->MR->SD),17.9%,1.7%
translation,r1,anti-pattern,验证-实现-修改回环 (VV->IP->CC),17.9%,4.9%
